Id,Kabupaten/Kota,Harapan Lama Sekolah (2019),Harapan Lama Sekolah (2020),Harapan Lama Sekolah (2021),Pengeluaran per Kapita Disesuaikan (Ribu Rupiah/Orang)(2019),Pengeluaran per Kapita Disesuaikan (Ribu Rupiah/Orang) (2020),Pengeluaran per Kapita Disesuaikan (Ribu Rupiah/Orang) (2021),Rata-rata Lama Sekolah (2019),Rata-rata Lama Sekolah (2020),Rata-rata Lama Sekolah (2021),Umur Harapan Hidup Saat Lahir (UHH) (2019),Umur Harapan Hidup Saat Lahir (UHH) (2020),Umur Harapan Hidup Saat Lahir (UHH) (2021),Indeks Pembangunan Manusia (2019),Indeks Pembangunan Manusia (2020),Indeks Pembangunan Manusia (2021),Peringkat Indeks Pembangunan Manusia (2019),Peringkat Indeks Pembangunan Manusia (2020),Peringkat Indeks Pembangunan Manusia (2021),Indeks Keparahan Kemiskinan (P2) Menurut Kabupaten/Kota (2019) ,Indeks Keparahan Kemiskinan (P2) Menurut Kabupaten/Kota (2020) ,Indeks Keparahan Kemiskinan (P2) Menurut Kabupaten/Kota (2021) ,Indeks Kedalaman Kemiskinan (P1) Menurut Kabupaten/Kota (2019),Indeks Kedalaman Kemiskinan (P1) Menurut Kabupaten/Kota (2020),Indeks Kedalaman Kemiskinan (P1) Menurut Kabupaten/Kota (2021)
1,Buton Tengah,12.7,13.0,13.12,7264,7221,7244,7.29,7.3,7.31,67.5,67.66,67.69,64.06,64.37,64.55,-,-,-,0.34,0.38,0.38,1.64,1.91,2.14
2,Kuantan Singingi,13.32,13.33,13.34,10820,10243,10309,8.58,8.59,8.75,68.44,68.55,68.6,70.78,70.31,70.6,-,-,-,0.32,0.32,0.23,1.28,1.44,1.14
3,Lombok Utara,12.71,12.72,12.76,9279,9006,9057,5.84,5.91,6.04,66.92,67.17,67.36,64.49,64.42,64.77,-,-,-,2.42,2.58,1.66,7.39,7.09,5.69
5,Buol,13.08,13.09,13.1,8151,7942,7974,8.75,8.86,9.08,68.17,68.76,69.05,67.69,67.82,68.25,-,-,-,0.78,0.47,0.51,2.89,1.97,2.01
8,Kota Tebing Tinggi,12.71,12.72,12.73,12895,12876,12939,10.28,10.31,10.44,70.76,70.87,70.95,75.08,75.17,75.42,-,-,-,0.31,0.56,0.28,1.47,1.74,1.37
9,Jeneponto,11.97,11.98,12.1,9078,9114,9215,6.48,6.59,6.6,66.24,66.39,66.49,64.0,64.26,64.56,-,-,-,0.41,0.68,0.29,2.02,2.6,1.64
10,Timor Tengah Utara,13.3,13.31,13.32,6479,6364,6324,7.51,7.81,7.96,66.86,66.96,67.09,63.34,63.53,63.69,-,-,-,1.09,0.9,0.93,4.05,3.75,3.77
11,Konawe Utara,12.54,12.83,13.08,9215,9165,9181,8.97,9.21,9.3,69.23,69.51,69.53,69.22,69.86,70.23,-,-,-,0.74,0.86,0.63,2.66,2.92,2.4
12,Kota Tidore Kepulauan,14.2,14.31,14.32,8608,8188,8316,9.64,9.73,9.95,69.22,69.34,69.43,70.83,70.53,70.99,-,-,-,0.06,0.11,0.17,0.4,0.6,0.82
13,Batang,12.0,12.01,12.13,9573,9431,9524,6.63,6.87,6.88,74.59,74.69,74.74,68.42,68.65,68.92,-,-,-,0.08,0.32,0.48,0.69,1.43,1.76
15,Kepulauan Talaud,12.27,12.51,12.59,8638,8505,8558,9.25,9.51,9.72,70.04,70.16,70.24,68.97,69.4,69.83,-,-,-,0.17,0.24,0.28,1.0,1.26,1.34
16,Halmahera Utara,13.59,13.6,13.61,7713,7414,7519,8.38,8.51,8.62,69.47,69.56,69.61,67.75,67.5,67.82,27,27,28,0.07,0.09,0.07,0.38,0.38,0.48
17,Kediri,12.88,13.15,13.44,11146,11000,11127,8.01,8.02,8.08,72.54,72.61,72.65,71.85,72.05,72.56,-,-,-,0.22,0.33,0.25,1.24,1.55,1.35
18,Tanah Bumbu,12.36,12.37,12.48,12025,11718,11844,7.71,7.96,7.97,70.08,70.34,70.45,70.5,70.71,71.0,-,-,-,0.19,0.14,0.12,0.79,0.69,0.65
19,Tabalong,12.59,12.72,12.89,11476,11283,11470,8.78,9.1,9.11,70.33,70.44,70.57,71.78,72.19,72.6,-,-,-,0.29,0.21,0.24,1.04,0.72,1.08
22,Luwu,13.32,13.33,13.39,10085,10014,10116,8.15,8.24,8.35,70.19,70.34,70.44,70.39,70.51,70.85,-,-,-,0.72,0.49,0.46,2.71,2.12,1.77
23,Lampung Barat,12.24,12.25,12.26,9970,9929,9969,7.85,8.06,8.07,67.43,67.58,67.65,67.5,67.8,67.9,-,-,-,0.38,0.55,0.8,1.86,2.01,2.69
24,Kota Parepare,14.49,14.5,14.51,13648,13663,13786,10.3,10.45,10.65,71.18,71.27,71.31,77.62,77.86,78.21,-,-,-,0.15,0.24,0.13,0.71,0.94,0.72
25,Tapin,11.86,11.94,11.95,12088,11841,11952,7.75,7.76,7.77,70.23,70.4,70.57,70.13,70.11,70.31,-,-,-,0.09,0.12,0.04,0.46,0.45,0.28
26,Malang,13.17,13.18,13.24,10270,10028,10163,7.27,7.42,7.43,72.45,72.55,72.61,70.35,70.36,70.6,-,-,-,0.4,0.3,0.3,1.57,1.37,1.41
27,Lampung Timur,12.84,12.85,12.86,10028,9983,10026,7.59,7.6,7.77,70.61,70.73,70.78,69.34,69.37,69.66,-,-,-,0.6,0.64,0.53,2.5,2.5,2.45
28,Solok Selatan,12.7,12.71,12.72,10505,10325,10367,8.16,8.28,8.32,67.58,67.81,68.01,68.94,69.04,69.23,-,-,-,0.21,0.15,0.31,0.84,0.79,1.28
29,Aceh Tamiang,13.58,13.59,13.76,8362,8327,8367,8.89,8.9,8.91,69.52,69.58,69.63,69.23,69.24,69.48,-,-,-,0.37,0.28,0.35,1.65,1.61,1.67
30,Minahasa Selatan,12.43,12.74,12.83,11760,11481,11554,8.85,9.08,9.09,69.8,69.92,70.01,71.68,72.11,72.32,7,7,6,0.27,0.2,0.26,1.31,1.02,1.19
31,Kota Gorontalo,14.32,14.34,14.5,12298,12278,12390,10.35,10.36,10.37,72.42,72.49,72.53,77.08,77.13,77.41,-,-,-,0.13,0.1,0.22,0.68,0.61,0.79
32,Nias,12.39,12.57,12.84,7042,6898,6995,5.15,5.36,5.64,69.68,69.75,69.78,61.65,61.93,62.74,-,-,-,0.59,0.32,0.43,2.53,1.91,2.21
34,Kapuas,12.9,12.92,12.93,11063,11015,11148,7.52,7.59,7.6,68.69,68.74,68.78,69.38,69.48,69.63,-,-,-,0.1,0.19,0.09,0.56,0.78,0.55
35,Jayapura,14.19,14.2,14.39,10375,9898,9989,9.79,10.04,10.05,66.93,67.05,67.16,71.84,71.69,72.03,-,-,-,0.8,0.53,0.7,2.67,2.04,2.42
36,Takalar,12.25,12.41,12.42,10474,10454,10543,7.18,7.29,7.49,67.01,67.18,67.3,66.94,67.31,67.72,14,14,12,0.19,0.21,0.17,1.08,1.09,1.03
37,Kota Binjai,13.61,13.62,13.63,11260,10997,11063,10.77,10.93,10.94,72.25,72.38,72.45,75.89,75.89,76.01,-,-,-,0.02,0.11,0.09,0.27,0.59,0.59
39,Purbalingga,11.98,11.99,12.0,10131,9914,10032,7.14,7.24,7.25,73.02,73.14,73.21,68.99,68.97,69.15,-,-,-,0.47,0.44,0.41,2.24,2.32,2.1
40,Sumba Barat Daya,13.05,13.06,13.07,6594,6372,6355,6.33,6.34,6.35,68.43,68.53,68.57,62.6,62.28,62.29,-,-,-,0.93,1.13,1.1,4.35,4.5,4.6
41,Kota Bandar Lampung,14.53,14.64,14.7,12255,12197,12247,10.92,10.93,10.95,71.28,71.37,71.42,77.33,77.44,77.58,-,-,-,0.38,0.45,0.39,1.49,1.61,1.52
42,Kota Baru,11.92,11.93,11.95,11731,11530,11720,7.42,7.43,7.46,69.1,69.21,69.32,68.95,68.86,69.13,-,-,-,0.15,0.12,0.04,0.72,0.6,0.37
43,Bangkalan,11.59,11.6,11.73,8718,8610,8673,5.66,5.95,5.96,70.11,70.18,70.22,63.79,64.11,64.36,-,-,-,1.08,1.29,0.86,4.0,4.25,3.51
44,Seram Bagian Timur,12.75,12.76,12.77,9452,9453,9480,8.22,8.43,8.46,59.16,59.41,59.62,63.74,64.12,64.3,-,-,-,1.18,1.22,0.98,4.35,4.44,3.79
45,Rembang,12.1,12.11,12.12,10551,10328,10519,7.15,7.16,7.3,74.43,74.55,74.61,70.15,70.02,70.43,-,-,-,0.48,0.53,0.68,2.32,2.44,2.77
46,Pidie,14.45,14.46,14.47,9824,9816,9860,8.82,8.99,9.0,66.89,66.94,66.95,70.41,70.63,70.7,-,-,-,0.71,0.45,0.84,2.99,2.2,3.04
47,Tuban,12.2,12.21,12.22,10499,10238,10380,6.81,6.95,7.18,71.26,71.43,71.56,68.37,68.4,68.91,-,-,-,0.75,0.48,0.86,2.84,2.27,3.26
48,Kebumen,13.04,13.34,13.35,9066,8901,9028,7.53,7.54,7.55,73.22,73.4,73.55,69.6,69.81,70.05,-,-,-,0.65,0.55,0.88,2.58,2.62,3.24
49,Dogiyai,10.57,10.58,10.59,5709,5373,5415,4.92,4.93,4.94,65.6,65.73,65.85,55.41,54.84,55.0,-,-,-,1.82,1.86,0.78,6.3,5.55,3.68
50,Kota Magelang,13.81,14.14,14.15,12514,12210,12349,10.33,10.39,10.62,76.75,76.85,76.93,78.8,78.99,79.43,-,-,-,0.19,0.24,0.15,0.99,1.12,0.85
51,Kota Banjar,13.22,13.23,13.24,10705,10535,10476,8.62,8.63,8.77,70.79,70.99,71.19,71.75,71.7,71.92,-,-,-,0.1,0.12,0.28,0.57,0.7,1.19
52,Kota Tomohon,14.19,14.2,14.21,12152,11745,11851,10.48,10.73,10.74,71.79,71.93,72.06,76.67,76.69,76.86,-,-,-,0.21,0.25,0.21,0.78,0.96,0.94
54,Kota Padang Panjang,15.05,15.06,15.07,11013,10734,10754,11.45,11.62,11.63,72.77,72.82,72.82,78.0,77.93,77.97,-,-,-,0.09,0.08,0.16,0.53,0.46,0.76
55,Bungo,12.61,12.62,12.63,11662,11471,11670,8.15,8.27,8.28,67.61,67.74,67.83,69.86,69.92,70.15,-,-,-,0.16,0.17,0.18,0.81,0.72,0.92
56,Kulon Progo,14.25,14.26,14.27,10275,10041,10069,8.66,8.86,9.02,75.2,75.24,75.27,74.44,74.46,74.71,-,-,-,0.61,0.86,0.75,2.72,3.22,3.01
57,Tojo Una-Una,12.25,12.28,12.29,7765,7606,7621,8.38,8.39,8.4,65.14,65.67,65.9,64.52,64.59,64.74,-,-,-,0.22,1.03,0.95,1.76,3.27,3.25
58,Sidoarjo,14.91,14.93,14.94,14609,14458,14578,10.25,10.5,10.72,73.98,74.04,74.06,80.05,80.29,80.65,-,-,-,0.42,0.26,0.25,1.22,0.96,0.95
59,Yahukimo,7.6,7.61,7.62,5030,4875,4895,4.02,4.26,4.27,65.8,65.93,66.05,49.25,49.37,49.48,-,-,-,3.01,1.93,2.08,9.3,7.41,7.38
60,Kota Prabumulih,12.9,12.91,12.92,13072,12723,12752,9.72,9.96,9.97,70.09,70.32,70.47,74.4,74.55,74.67,-,-,-,0.28,0.23,0.18,1.37,1.27,1.2
61,Bener Meriah,13.45,13.46,13.47,11124,11098,11118,9.78,9.79,10.0,69.19,69.22,69.26,72.97,72.98,73.27,-,-,-,0.69,0.97,1.51,3.09,3.52,4.62
62,Wajo,13.13,13.14,13.15,12399,12386,12505,6.8,6.81,7.05,67.17,67.35,67.48,69.05,69.15,69.62,-,-,-,0.26,0.21,0.15,1.06,0.98,0.79
63,Halmahera Selatan,12.77,12.78,12.79,7298,7068,7142,7.92,7.93,8.1,65.75,65.86,65.93,64.11,63.84,64.19,-,-,-,0.09,0.08,0.12,0.43,0.45,0.61
64,Mamasa,11.74,12.05,12.36,7769,7747,7736,7.37,7.65,7.88,70.75,70.87,70.94,65.32,66.02,66.63,-,-,-,0.5,0.31,0.59,2.19,1.71,2.25
65,Kota Manado,14.14,14.15,14.16,14232,13886,13991,11.26,11.27,11.42,71.8,71.87,71.9,79.12,78.93,79.2,-,-,-,0.2,0.36,0.33,0.89,1.25,1.23
66,Barru,13.57,13.58,13.59,10911,10923,11017,7.96,8.23,8.24,68.91,69.02,69.07,70.6,71.0,71.13,-,-,-,0.21,0.36,0.39,1.07,1.31,1.52
67,Sabu Raijua,13.13,13.14,13.15,5354,5265,5256,6.33,6.65,6.66,60.23,60.64,60.66,56.66,57.02,57.03,-,-,-,1.78,1.57,2.94,6.2,5.88,8.12
68,Kota Tanjung Balai,12.49,12.5,12.62,11383,11132,11225,9.26,9.44,9.45,63.02,63.27,63.44,68.51,68.65,68.94,-,-,-,0.28,0.32,0.32,1.69,1.69,1.72
69,Belitung Timur,11.51,11.52,11.63,11831,11730,11760,8.15,8.22,8.47,71.9,72.03,72.1,70.84,70.92,71.42,-,-,-,0.16,0.19,0.29,0.81,0.7,1.15
71,Pasuruan,12.31,12.41,12.58,10381,10164,10297,7.11,7.4,7.41,70.17,70.23,70.25,68.29,68.6,68.93,-,-,-,0.43,0.23,0.24,1.56,1.15,1.17
72,Barito Kuala,12.38,12.39,12.4,9952,9805,9868,7.33,7.34,7.55,65.88,66.09,66.27,66.24,66.22,66.64,-,-,-,0.07,0.21,0.12,0.44,0.81,0.57
73,Kota Tangerang,13.84,13.85,13.87,14860,14484,14575,10.65,10.69,10.83,71.57,71.6,71.6,78.43,78.25,78.5,-,-,-,0.15,0.15,0.27,0.64,0.74,1.08
74,Kotawaringin Timur,12.69,12.84,12.85,11905,11854,11866,8.12,8.13,8.15,69.8,69.85,69.9,71.16,71.31,71.38,-,-,-,0.24,0.16,0.2,0.92,0.87,0.89
75,Indramayu,12.24,12.25,12.26,10090,9859,9810,5.99,6.3,6.52,71.37,71.63,71.84,66.97,67.29,67.64,-,-,-,0.4,0.56,0.66,1.66,2.18,2.46
76,Kota Sukabumi,13.46,13.47,13.58,11204,10999,10942,9.58,9.59,9.81,72.26,72.42,72.58,74.31,74.21,74.6,-,-,-,0.32,0.22,0.36,1.08,1.17,1.39
77,Lebak,11.96,11.97,11.98,8850,8690,8724,6.31,6.4,6.41,67.04,67.21,67.33,63.88,63.91,64.03,-,-,-,0.21,0.24,0.4,0.97,1.14,1.66
80,Puncak,5.19,5.39,5.4,5702,5378,5412,1.96,2.15,2.16,65.61,65.74,65.86,42.7,43.04,43.17,-,-,-,2.98,2.63,3.49,9.7,8.61,9.92
81,Kep. Seribu,12.56,12.57,12.63,12623,12412,12587,8.47,8.68,8.81,68.51,68.76,68.99,71.4,71.63,72.1,-,-,-,0.46,0.42,0.63,1.95,2.1,2.61
82,Kota Singkawang,12.89,12.9,12.91,11789,11650,11767,7.72,7.89,7.9,71.85,72.06,72.18,71.72,71.94,72.11,-,-,-,0.1,0.09,0.17,0.53,0.48,0.73
83,Toli-Toli,12.72,12.73,12.89,8156,7917,7947,8.26,8.51,8.76,65.3,65.9,66.18,65.42,65.69,66.3,-,-,-,0.46,0.63,0.3,1.89,2.33,1.66
84,Kepulauan Selayar,12.48,12.65,12.66,9028,8970,9060,7.63,7.88,8.08,68.34,68.46,68.52,66.91,67.38,67.76,-,-,-,0.9,0.6,0.46,2.87,2.25,2.09
86,Kota Pekalongan,12.83,12.84,12.85,12680,12467,12598,8.71,8.96,9.18,74.28,74.38,74.44,74.77,74.98,75.4,-,-,-,0.18,0.3,0.41,0.92,1.28,1.51
87,Kota Ambon,16.02,16.03,16.04,14233,14116,14148,11.91,11.92,12.2,70.35,70.52,70.63,80.81,80.84,81.23,-,-,-,0.18,0.06,0.14,0.77,0.41,0.64
89,Badung,13.97,13.98,13.99,17628,17503,17327,10.38,10.39,10.62,74.99,75.1,75.18,81.59,81.6,81.83,-,-,-,0.03,0.07,0.1,0.16,0.31,0.43
90,Kerinci,13.86,13.87,13.88,10198,9995,10184,8.21,8.55,8.56,69.82,69.93,70.0,70.95,71.21,71.45,-,-,-,0.1,0.21,0.15,0.59,1.05,0.81
91,Tapanuli Tengah,12.79,13.06,13.07,10175,10071,10138,8.48,8.62,8.84,67.08,67.15,67.24,68.86,69.23,69.61,-,-,-,0.41,0.44,0.47,1.64,1.84,2.04
92,Sintang,12.02,12.03,12.04,8823,8728,8708,6.89,7.07,7.08,71.62,71.71,71.84,66.7,66.88,66.93,-,-,-,0.26,0.19,0.34,1.32,1.03,1.47
94,Paniai,10.48,10.49,10.5,6767,6361,6377,4.38,4.57,4.77,66.27,66.44,66.62,56.58,56.31,56.7,-,-,-,1.59,1.45,0.79,6.52,6.23,4.6
95,Kolaka,12.8,12.81,12.83,12525,12515,12525,8.76,8.98,8.99,70.72,71.06,71.21,73.01,73.45,73.56,-,-,-,0.5,0.55,0.98,1.79,1.99,3.02
97,Bandung Barat,11.86,11.87,11.88,8684,8455,8546,8.18,8.19,8.2,72.18,72.34,72.52,68.27,68.08,68.29,-,-,-,0.33,0.25,0.32,1.54,1.4,1.62
98,Maluku Tengah,14.15,14.16,14.17,10298,10210,10243,9.64,9.67,9.68,66.34,66.42,66.45,71.25,71.25,71.32,-,-,-,0.95,1.28,1.28,3.67,4.05,4.03
99,Nias Barat,12.71,12.94,12.95,6009,5830,5924,6.14,6.49,6.69,68.82,68.96,69.08,61.14,61.51,61.99,-,-,-,0.71,0.61,0.76,3.34,3.21,3.32
101,Kota Medan,14.73,14.74,14.75,15033,14890,14999,11.38,11.39,11.48,72.98,73.14,73.23,80.97,80.98,81.21,-,-,-,0.25,0.23,0.23,1.16,1.08,1.1
102,Kota Probolinggo,13.57,13.59,13.6,12280,12180,12245,8.69,8.7,8.95,70.19,70.29,70.35,73.27,73.27,73.66,-,-,-,0.26,0.28,0.17,1.04,1.19,0.9
103,Kepulauan Sula,12.73,12.74,12.77,7221,6950,7040,8.73,8.95,9.0,63.18,63.3,63.39,63.64,63.53,63.8,-,-,-,0.22,0.16,0.24,0.93,0.88,1.22
104,Banyumas,12.82,12.85,13.03,11703,11448,11546,7.42,7.52,7.63,73.55,73.72,73.8,71.96,71.98,72.44,-,-,-,0.67,0.5,0.57,2.52,2.25,2.36
106,Kota Ternate,15.73,15.74,15.75,13632,13091,13290,11.58,11.71,11.81,70.85,70.97,71.06,80.03,79.82,80.14,-,-,-,0.2,0.1,0.18,0.62,0.38,0.53
107,Raja Ampat,12.02,12.03,12.06,7958,8014,7882,7.8,7.91,8.02,64.7,64.74,64.83,63.66,63.89,63.92,-,-,-,0.67,0.81,0.75,2.61,3.06,2.82
108,Aceh Barat Daya,13.57,13.58,13.65,8491,8316,8428,8.35,8.66,8.67,64.91,65.0,65.06,66.56,66.75,66.99,-,-,-,0.36,0.9,0.74,1.97,3.41,2.88
109,Manokwari Selatan,12.33,12.35,12.35,5511,5505,5505,6.57,6.63,6.63,67.48,67.58,67.6,59.72,59.84,59.85,-,-,-,2.67,3.55,3.45,7.77,8.61,8.92
110,Kota Baubau,14.81,15.16,15.17,10523,10483,10503,10.37,10.64,10.91,70.95,71.19,71.25,75.21,75.9,76.26,-,-,-,0.28,0.2,0.18,1.05,1.05,1.05
111,Jepara,12.74,12.75,12.76,10609,10343,10536,7.44,7.68,7.79,75.74,75.84,75.91,71.88,71.99,72.36,-,-,-,0.1,0.07,0.17,0.64,0.6,0.88
112,Sorong,13.43,13.71,13.72,7507,7495,7350,8.02,8.17,8.33,66.02,66.1,66.22,65.29,65.74,65.77,-,-,-,3.07,1.78,2.91,8.24,5.97,7.76
113,Barito Selatan,12.54,12.55,12.66,11582,11486,11492,8.71,8.82,8.95,66.99,67.09,67.19,70.1,70.22,70.54,-,-,-,0.05,0.26,0.04,0.39,0.89,0.35
114,Demak,13.01,13.31,13.32,10344,10128,10248,7.55,7.71,7.86,75.31,75.4,75.46,71.87,72.22,72.57,-,-,-,0.34,0.5,0.62,1.61,1.97,2.32
115,Halmahera Timur,12.74,12.75,12.76,8127,7876,7973,8.06,8.26,8.27,68.64,68.88,69.08,66.74,66.75,67.0,-,-,-,0.34,0.35,0.68,1.93,1.9,2.62
117,Morowali,13.33,13.34,13.35,11277,10993,11028,9.11,9.33,9.34,68.82,69.18,69.23,72.02,72.21,72.29,-,-,-,0.5,0.67,0.54,2.12,2.48,2.11
118,Bengkalis,12.86,12.87,12.88,11753,11331,11415,9.41,9.69,9.7,71.11,71.2,71.24,73.44,73.46,73.58,-,-,-,0.07,0.14,0.13,0.5,0.72,0.73
119,Musi Rawas Utara,11.56,11.57,11.58,10223,9783,9855,6.5,6.84,7.09,65.43,65.68,65.76,64.32,64.49,64.93,-,-,-,0.93,0.8,0.73,3.27,3.24,3.02
120,Kepulauan Meranti,12.81,12.82,12.83,8358,7790,7780,7.51,7.7,7.84,67.53,67.68,67.78,65.93,65.5,65.7,-,-,-,1.93,1.11,1.22,5.97,4.32,4.46
121,Kota Sabang,13.81,13.95,14.13,11444,11273,11378,11.13,11.14,11.18,70.45,70.51,70.56,75.77,75.78,76.11,-,-,-,0.7,0.54,0.82,2.71,1.94,2.8
124,Banyuwangi,12.78,12.8,13.1,12264,12140,12217,7.13,7.16,7.42,70.54,70.65,70.72,70.6,70.62,71.38,-,-,-,0.34,0.3,0.28,1.29,1.3,1.32
125,Merauke,13.59,13.88,14.14,10498,10097,10201,8.56,8.72,8.73,66.93,67.0,67.07,69.98,70.09,70.49,-,-,-,0.94,0.37,0.31,2.4,1.53,1.46
126,Musi Banyuasin,11.99,12.0,12.29,10364,10088,10140,7.61,7.62,7.63,68.54,68.75,68.84,67.83,67.69,68.1,-,-,-,0.92,1.11,0.83,3.37,3.67,3.1
127,Maluku Tenggara,12.63,12.81,12.82,7625,7545,7580,9.5,9.73,9.76,64.95,65.07,65.14,65.85,66.2,66.33,-,-,-,0.96,1.02,0.78,3.78,4.26,3.23
128,Pohuwato,12.36,12.37,12.38,10316,10255,10409,7.1,7.12,7.26,63.83,64.07,64.3,65.27,65.37,65.8,-,-,-,0.87,0.54,0.59,3.27,2.64,2.64
129,Tana Toraja,13.58,13.8,13.86,7253,7217,7434,8.02,8.26,8.51,73.15,73.3,73.4,68.25,68.75,69.49,-,-,-,1.12,0.74,0.36,3.1,2.32,1.66
130,Ogan Ilir,12.29,12.3,12.31,10777,10424,10454,7.85,7.86,7.87,65.21,65.48,65.6,67.22,67.06,67.17,-,-,-,0.38,0.53,0.59,1.82,2.15,2.55
131,Sukamara,12.11,12.12,12.13,8738,8674,8773,7.91,8.01,8.09,71.49,71.53,71.56,67.95,68.03,68.27,-,-,-,0.1,0.05,0.23,0.51,0.3,0.79
133,Sikka,12.87,13.16,13.43,8313,8081,8021,6.71,6.94,6.95,67.07,67.24,67.45,64.75,65.11,65.41,-,-,-,0.47,0.38,0.21,2.11,1.89,1.26
134,Sorong Selatan,12.88,13.16,13.17,6252,6286,6188,7.26,7.36,7.49,66.15,66.25,66.39,61.93,62.42,62.46,-,-,-,0.99,0.82,1.77,3.63,3.12,4.89
135,Kota Tanjung Pinang,14.09,14.12,14.13,15838,15498,15439,9.99,10.25,10.26,72.02,72.1,72.18,78.73,78.91,78.93,-,-,-,0.23,0.4,0.52,1.15,1.58,1.75
136,Aceh Barat,14.59,14.6,14.61,9692,9516,9593,9.09,9.37,9.55,67.93,67.98,67.99,71.22,71.38,71.67,-,-,-,0.97,0.68,1.09,3.53,2.74,3.82
137,Pakpak Bharat,13.85,13.86,13.87,8402,8170,8254,8.73,9.03,9.14,65.59,65.74,65.96,67.47,67.59,67.94,-,-,-,0.12,0.38,0.2,0.92,1.38,1.05
138,Magetan,14.0,14.03,14.04,11779,11776,11833,7.96,8.24,8.36,72.49,72.59,72.65,73.49,73.92,74.15,-,-,-,0.36,0.21,0.37,1.56,1.2,1.54
139,Pulau Taliabu,12.58,12.59,12.65,6659,6390,6467,7.46,7.66,7.67,61.95,62.1,62.22,60.62,60.48,60.73,-,-,-,0.13,0.16,0.1,0.82,0.89,0.57
140,Buru Selatan,12.68,12.69,12.7,7627,7566,7600,7.7,7.94,7.95,66.13,66.27,66.36,64.42,64.69,64.8,-,-,-,0.47,0.46,0.53,2.07,2.14,2.36
141,Morowali Utara,12.23,12.24,12.25,9109,8853,8890,8.7,8.71,8.72,69.19,69.61,69.71,68.45,68.36,68.48,-,-,-,0.77,1.02,0.65,2.9,2.95,2.35
142,Banggai Kepulauan,13.05,13.06,13.07,7619,7429,7453,8.19,8.43,8.44,65.71,66.31,66.59,65.13,65.42,65.61,-,-,-,0.4,0.47,0.42,1.98,1.99,1.89
145,Sijunjung,12.36,12.37,12.38,10395,10361,10389,8.1,8.11,8.12,66.02,66.21,66.36,67.66,67.74,67.86,-,-,-,0.22,0.27,0.17,0.94,0.97,0.86
146,Sumbawa Barat,13.61,13.62,13.64,11766,11536,11548,8.53,8.66,8.72,67.8,68.07,68.31,71.52,71.63,71.85,-,-,-,0.93,0.91,0.67,2.83,2.81,2.68
147,Brebes,12.03,12.04,12.05,10238,10058,10152,6.2,6.21,6.22,69.04,69.33,69.54,66.12,66.11,66.32,-,-,-,0.47,0.67,0.74,2.31,3.01,3.04
150,Pasaman,12.79,12.8,12.81,8599,8425,8440,7.86,8.09,8.1,67.18,67.4,67.59,66.46,66.64,66.77,-,-,-,0.11,0.11,0.13,0.59,0.7,0.67
151,Batang Hari,12.91,12.92,12.93,10038,9825,10032,7.85,8.11,8.12,70.44,70.56,70.64,69.67,69.84,70.11,-,-,-,0.25,0.27,0.24,1.29,1.28,1.27
152,Serdang Bedagai,12.59,12.6,12.61,11061,10950,11017,8.53,8.54,8.69,68.46,68.68,68.82,70.21,70.24,70.56,-,-,-,0.31,0.2,0.13,1.32,0.98,0.87
153,Indragiri Hulu,12.35,12.36,12.46,10738,10202,10260,8.17,8.38,8.39,70.2,70.25,70.26,70.05,69.83,70.01,-,-,-,0.18,0.17,0.15,0.84,0.78,0.81
155,Gayo Lues,13.73,13.77,13.78,8845,8791,8856,7.91,8.2,8.4,65.38,65.47,65.53,66.87,67.22,67.56,-,-,-,1.18,0.66,0.59,3.95,2.44,2.76
156,Kupang,13.84,13.85,13.86,7698,7526,7476,7.37,7.38,7.39,64.39,64.63,64.91,64.43,64.32,64.41,-,-,-,1.28,1.21,0.9,4.48,4.36,3.71
158,Pati,12.41,12.65,12.94,10660,10390,10506,7.19,7.44,7.48,76.04,76.22,76.27,71.35,71.77,72.28,-,-,-,0.31,0.26,0.42,1.47,1.37,1.69
159,Buleleng,12.91,13.07,13.08,13780,13463,13362,7.08,7.24,7.25,71.68,71.83,71.95,72.3,72.55,72.56,-,-,-,0.14,0.08,0.14,0.72,0.53,0.74
160,Kudus,13.22,13.23,13.24,11318,11160,11272,8.63,8.75,8.76,76.5,76.6,76.68,74.94,75.0,75.16,-,-,-,0.17,0.18,0.27,0.83,1.01,1.23
161,Dharmasraya,12.42,12.43,12.44,11431,11273,11324,8.46,8.47,8.55,71.1,71.33,71.53,71.52,71.51,71.76,-,-,-,0.2,0.13,0.12,0.89,0.71,0.75
162,Konawe Selatan,12.24,12.36,12.37,9115,9037,9059,7.74,7.86,8.11,70.52,70.8,70.87,67.88,68.2,68.58,19,19,17,0.38,0.41,0.52,1.65,1.77,1.98
163,Mimika,12.17,12.4,12.69,12035,11431,11400,9.91,10.17,10.18,72.27,72.32,72.36,74.13,74.19,74.48,-,-,-,2.44,1.16,0.69,5.51,3.59,2.53
164,Lampung Selatan,12.33,12.5,12.52,9978,9875,9931,7.68,7.69,7.7,69.2,69.33,69.42,68.22,68.36,68.49,-,-,-,0.58,0.6,0.6,2.32,2.52,2.37
166,Gorontalo,12.94,13.17,13.18,9361,9277,9412,7.11,7.13,7.3,67.45,67.58,67.69,66.69,66.92,67.34,-,-,-,0.79,1.17,1.41,3.27,3.95,4.43
167,Kota Bekasi,13.99,14.0,14.1,16157,15776,15903,11.1,11.16,11.31,74.89,75.01,75.19,81.59,81.5,81.95,-,-,-,0.1,0.15,0.16,0.47,0.6,0.66
168,Pegunungan Bintang,6.14,6.25,6.47,5633,5409,5429,2.61,2.81,3.04,64.34,64.44,64.54,45.21,45.44,46.28,-,-,-,3.38,1.1,0.7,9.02,4.91,3.69
169,Pamekasan,13.63,13.64,13.65,8834,8739,8804,6.4,6.69,6.7,67.45,67.58,67.67,65.94,66.26,66.4,-,-,-,0.39,0.37,0.4,1.85,1.89,1.9
170,Sigi,12.86,12.87,12.88,8375,8126,8171,8.53,8.6,8.82,69.57,69.99,70.09,68.16,68.12,68.49,-,-,-,0.6,0.49,0.38,2.17,1.96,1.7
171,Kota Jambi,14.9,15.1,15.37,12205,12056,12240,10.91,10.92,11.2,72.57,72.65,72.71,78.26,78.37,79.12,-,-,-,0.42,0.4,0.34,1.52,1.47,1.42
173,Asahan,12.59,12.6,12.61,10983,10890,11030,8.49,8.79,8.8,68.11,68.26,68.37,69.92,70.29,70.49,-,-,-,0.21,0.33,0.59,1.24,1.37,1.9
175,Kepahiang,12.89,12.9,13.12,9243,9273,9377,7.93,8.24,8.29,67.78,67.95,68.08,67.67,68.17,68.62,-,-,-,0.75,0.37,0.36,2.54,1.9,1.62
176,Banyu Asin,11.74,11.75,11.77,10135,9850,9860,7.19,7.2,7.44,68.76,68.97,69.06,66.9,66.74,67.13,-,-,-,0.33,0.18,0.45,1.57,1.14,2.0
177,Landak,12.39,12.4,12.43,7403,7357,7431,7.1,7.11,7.12,72.7,72.84,73.04,65.96,65.98,66.21,-,-,-,0.38,0.38,0.26,1.71,1.54,1.29
178,Aceh Besar,14.71,14.72,14.73,9661,9641,9644,10.31,10.32,10.33,69.77,69.78,69.79,73.55,73.56,73.58,-,-,-,0.69,0.61,0.58,2.56,2.4,2.32
182,Aceh Utara,14.69,14.7,14.71,8189,8122,8201,8.46,8.63,8.64,68.79,68.8,68.81,69.22,69.33,69.46,-,-,-,0.55,0.63,0.43,2.44,2.6,2.17
183,Tanjung Jabung Barat,12.61,12.62,12.63,9539,9480,9699,7.7,7.71,8.0,68.03,68.12,68.17,67.54,67.54,68.16,-,-,-,0.44,0.38,0.53,1.68,1.58,1.96
184,Pangandaran,12.06,12.07,12.08,9423,9084,9065,7.67,7.74,7.85,71.12,71.4,71.6,68.21,68.06,68.28,-,-,-,0.16,0.28,0.27,0.9,1.32,1.25
185,Tangerang,12.81,12.82,12.84,12476,12203,12273,8.28,8.39,8.61,69.79,69.89,69.93,71.93,71.92,72.29,-,-,-,0.14,0.22,0.29,0.69,0.95,1.21
186,Batu Bara,12.62,12.63,12.64,10575,10410,10539,8.02,8.06,8.07,66.75,66.96,67.13,68.35,68.36,68.58,-,-,-,0.34,0.37,0.51,1.63,1.61,1.99
187,Kota Padang,16.51,16.52,16.53,14728,14481,14540,11.34,11.58,11.59,73.57,73.65,73.69,82.68,82.82,82.9,-,-,-,0.18,0.09,0.13,0.63,0.45,0.67
189,Labuhan Batu Utara,12.82,13.04,13.19,11957,11779,11840,8.36,8.4,8.41,69.37,69.46,69.56,71.43,71.61,71.87,-,-,-,0.38,0.6,0.22,1.66,1.87,1.07
190,Lampung Tengah,12.91,12.92,12.93,11154,11219,11259,7.57,7.58,7.59,69.75,69.84,69.87,70.04,70.16,70.23,-,-,-,0.51,0.33,0.44,2.09,1.63,1.76
191,Minahasa,13.97,13.98,14.15,12720,12395,12481,9.58,9.59,9.73,70.98,71.08,71.16,75.47,75.29,75.73,-,-,-,0.2,0.17,0.32,1.02,0.82,1.31
192,Kota Denpasar,13.99,14.0,14.09,19992,19723,19598,11.23,11.47,11.48,74.68,74.82,74.93,83.68,83.93,84.03,-,-,-,0.06,0.05,0.06,0.29,0.25,0.37
194,Kota Kediri,14.97,15.26,15.27,12440,12239,12359,9.92,9.93,10.15,73.96,74.02,74.04,78.08,78.23,78.6,-,-,-,0.32,0.17,0.21,1.23,0.96,1.03
196,Yalimo,8.83,9.11,9.32,4860,4647,4664,2.58,2.79,3.01,65.34,65.42,65.49,48.08,48.34,49.01,-,-,-,6.18,4.86,7.28,12.23,11.47,13.86
199,Ende,13.77,13.78,13.79,9315,9094,9027,7.8,7.81,8.03,65.17,65.29,65.43,67.2,67.04,67.3,-,-,-,1.11,1.19,2.15,4.22,4.54,6.39
200,Bojonegoro,12.36,12.39,12.68,10265,10121,10221,7.09,7.33,7.38,71.36,71.56,71.72,68.75,69.04,69.59,-,-,-,0.43,0.35,0.45,1.95,1.72,1.88
201,Bondowoso,13.27,13.28,13.29,10665,10610,10690,5.71,5.93,5.94,66.55,66.74,66.89,66.09,66.43,66.59,-,-,-,0.33,0.5,0.49,1.67,2.16,2.19
203,Berau,13.31,13.32,13.33,12726,12018,12435,9.25,9.52,9.53,71.94,72.06,72.32,74.88,74.71,75.2,-,-,-,0.12,0.17,0.2,0.66,0.7,0.95
204,Lima Puluh Kota,13.28,13.29,13.3,9842,9596,9668,7.98,7.99,8.07,69.7,69.79,69.84,69.67,69.47,69.68,-,-,-,0.07,0.14,0.3,0.51,0.78,1.21
205,Buru,13.02,13.03,13.04,10400,10316,10347,8.46,8.52,8.79,66.32,66.41,66.44,68.91,68.95,69.33,-,-,-,0.95,0.89,1.12,3.39,2.91,3.52
206,Kota Bontang,12.9,13.03,13.17,16843,16278,16765,10.73,10.79,10.8,74.18,74.28,74.55,80.09,80.02,80.59,-,-,-,0.08,0.09,0.08,0.42,0.54,0.47
207,Pringsewu,12.82,12.83,12.84,10289,10262,10302,8.19,8.38,8.39,69.85,70.08,70.27,69.97,70.3,70.45,-,-,-,0.21,0.21,0.26,1.13,1.2,1.38
208,Gorontalo Utara,12.44,12.45,12.46,8982,8921,9064,6.74,7.03,7.15,65.79,65.87,65.93,64.52,64.86,65.21,28,28,27,0.45,0.44,0.49,2.24,2.09,2.32
210,Kota Banjarmasin,13.92,13.93,13.94,14547,14306,14432,9.94,9.95,10.2,70.98,71.13,71.29,77.16,77.1,77.57,-,-,-,0.26,0.11,0.11,0.81,0.54,0.56
211,Labuhan Batu,12.67,12.73,12.74,11193,11150,11212,9.23,9.24,9.25,69.86,69.93,69.95,71.94,72.01,72.09,-,-,-,0.15,0.18,0.29,0.87,0.98,1.32
212,Timor Tengah Selatan,12.56,12.57,12.58,6955,6861,6839,6.72,6.73,6.74,66.32,66.42,66.46,62.23,62.15,62.16,-,-,-,2.09,1.73,1.28,6.68,5.86,5.08
214,Ogan Komering Ilir,11.41,11.42,11.68,11032,10725,10755,7.03,7.04,7.05,68.41,68.61,68.67,66.96,66.82,67.17,-,-,-,0.61,0.86,1.16,2.67,2.98,3.52
215,Pesawaran,12.29,12.36,12.59,8059,7892,7934,7.6,7.7,7.71,68.88,69.04,69.15,65.75,65.79,66.14,-,-,-,0.71,0.48,0.57,2.69,2.18,2.3
218,Kota Kotamobagu,12.78,12.79,12.88,11098,10744,10848,10.09,10.1,10.31,70.33,70.47,70.6,73.22,72.97,73.47,-,-,-,0.13,0.16,0.39,0.68,0.84,1.32
219,Bandung,12.68,12.69,12.7,10502,10201,10307,8.79,8.96,9.07,73.4,73.53,73.72,72.41,72.39,72.73,-,-,-,0.28,0.17,0.34,1.04,0.92,1.23
220,Kota Bima,14.99,15.0,15.04,11334,11105,11135,10.38,10.49,10.65,70.2,70.38,70.5,75.8,75.81,76.11,-,-,-,0.36,0.12,0.21,1.58,0.6,1.12
221,Bogor,12.47,12.48,12.49,10683,10317,10410,8.29,8.3,8.31,71.01,71.17,71.36,70.65,70.4,70.6,-,-,-,0.15,0.11,0.35,0.83,0.83,1.36
222,Donggala,12.48,12.49,12.51,8189,7960,8002,7.86,7.97,7.98,66.85,67.33,67.5,65.49,65.56,65.72,25,25,25,0.76,0.79,0.7,2.86,3.01,2.76
223,Melawi,11.15,11.16,11.17,8465,8332,8415,6.67,6.76,6.91,72.88,72.97,72.98,65.54,65.55,65.87,-,-,-,0.6,0.4,0.62,2.24,1.63,2.21
224,Kota Jakarta Timur,13.82,13.86,13.96,17662,17438,17733,11.65,11.66,11.67,74.37,74.47,74.54,82.69,82.66,82.97,-,-,-,0.08,0.05,0.13,0.33,0.35,0.56
226,Kota Cirebon,13.11,13.12,13.13,11930,11800,11810,9.9,9.91,10.12,72.13,72.26,72.44,74.92,74.89,75.25,-,-,-,0.26,0.4,0.68,1.23,1.68,2.22
227,Kutai Timur,12.78,12.89,12.9,11196,10485,10868,9.18,9.19,9.43,73.03,73.16,73.46,73.49,73.0,73.81,-,-,-,0.55,0.63,0.44,1.9,2.02,1.64
229,Probolinggo,12.34,12.35,12.36,10972,10859,10969,5.77,6.11,6.12,67.0,67.2,67.36,65.6,66.07,66.26,-,-,-,0.85,0.78,0.81,3.2,3.12,3.26
230,Bengkulu Utara,12.86,12.87,12.88,10336,10263,10410,7.86,7.87,8.09,68.04,68.19,68.27,68.8,68.82,69.28,-,-,-,0.36,0.37,0.77,1.61,1.58,2.67
231,Tulungagung,13.15,13.31,13.32,10891,10705,10807,8.07,8.33,8.34,73.95,74.08,74.16,72.62,73.0,73.15,-,-,-,0.17,0.11,0.18,0.84,0.72,0.94
232,Purwakarta,12.1,12.11,12.12,11819,11614,11669,7.92,8.09,8.1,70.8,70.99,71.18,70.67,70.82,70.98,-,-,-,0.28,0.2,0.3,1.24,1.04,1.31
234,Padang Lawas,13.02,13.03,13.27,9100,8807,8921,8.69,9.01,9.02,66.98,67.09,67.13,68.16,68.25,68.64,-,-,-,0.47,0.29,0.34,1.64,1.19,1.33
235,Maybrat,12.91,13.21,13.47,5391,5336,5245,6.67,6.85,6.96,65.17,65.19,65.25,59.15,59.52,59.7,-,-,-,3.76,2.64,3.52,9.67,8.01,9.09
236,Muna,13.78,13.79,13.8,8253,8203,8218,8.35,8.36,8.46,70.18,70.39,70.41,68.97,69.02,69.17,-,-,-,0.4,0.46,0.39,1.71,1.86,1.9
237,Cirebon,12.24,12.25,12.27,10670,10342,10368,6.71,6.92,7.1,71.82,71.99,72.18,68.69,68.75,69.12,-,-,-,0.26,0.24,0.47,1.29,1.3,1.94
239,Nganjuk,12.85,12.86,12.87,12200,12130,12172,7.63,7.64,7.78,71.44,71.54,71.6,71.71,71.72,71.97,-,-,-,0.23,0.35,0.31,1.22,1.62,1.56
240,Nunukan,12.63,12.64,12.65,7290,6804,7064,7.81,8.0,8.17,71.3,71.34,71.4,66.32,65.79,66.46,-,-,-,0.42,0.17,0.12,1.32,0.87,0.68
241,Kota Pekanbaru,15.37,15.54,15.55,15206,14433,14360,11.43,11.68,11.92,72.22,72.34,72.41,81.35,81.32,81.58,-,-,-,0.06,0.13,0.03,0.31,0.48,0.19
242,Kaur,12.98,12.99,13.06,8594,8593,8638,8.25,8.37,8.38,66.5,66.63,66.73,66.78,66.99,67.17,-,-,-,1.15,0.63,1.28,4.14,2.77,4.09
243,Deiyai,9.8,9.81,9.82,4958,4632,4673,3.0,3.01,3.25,65.11,65.24,65.36,50.11,49.46,49.96,-,-,-,2.34,3.9,0.67,7.79,11.44,3.79
244,Hulu Sungai Utara,12.88,12.91,12.92,9772,9527,9644,7.37,7.53,7.75,63.58,63.83,64.1,65.49,65.59,66.12,-,-,-,0.12,0.2,0.12,0.66,0.85,0.76
245,Bulungan,12.99,13.0,13.01,9648,9121,9423,8.93,8.94,9.19,72.6,72.66,72.74,71.66,71.1,71.8,-,-,-,0.45,0.28,0.37,1.64,1.32,1.56
247,Penukal Abab Lematang Ilir,11.9,12.05,12.17,8400,8196,8210,6.75,7.04,7.05,68.07,68.27,68.33,64.33,64.7,64.88,-,-,-,0.37,0.23,0.47,1.86,1.4,1.84
248,Halmahera Barat,13.08,13.19,13.2,7660,7352,7467,8.12,8.35,8.37,66.13,66.25,66.34,65.34,65.31,65.56,-,-,-,0.13,0.13,0.29,0.87,0.86,1.19
249,Bulukumba,12.91,13.17,13.41,10480,10513,10632,7.43,7.67,7.82,67.69,67.92,68.1,68.28,68.99,69.62,-,-,-,0.09,0.14,0.2,0.6,0.71,1.0
251,Bangka Selatan,11.36,11.37,11.38,11910,11757,11768,6.42,6.67,6.71,67.9,68.16,68.35,66.54,66.9,67.06,-,-,-,0.08,0.13,0.06,0.48,0.53,0.35
252,Serang,12.43,12.57,12.58,10802,10665,10713,7.33,7.5,7.51,64.47,64.64,64.76,66.38,66.7,66.82,-,-,-,0.16,0.05,0.12,0.65,0.4,0.61
255,Kota Padangsidimpuan,14.53,14.54,14.56,11181,10856,10965,10.7,11.0,11.09,69.15,69.41,69.5,75.06,75.22,75.48,-,-,-,0.09,0.32,0.28,0.65,1.26,1.17
256,Konawe Kepulauan,11.81,12.06,12.32,6832,6700,6738,9.18,9.41,9.42,68.25,68.43,68.43,65.05,65.41,65.73,-,-,-,1.14,0.6,1.21,3.73,2.56,4.05
259,Teluk Bintuni,12.17,12.31,12.42,9821,9974,9708,7.95,8.08,8.22,60.6,60.83,60.99,64.0,64.55,64.65,-,-,-,4.69,3.15,3.84,10.68,8.31,9.15
260,Flores Timur,12.9,12.91,12.92,7770,7631,7578,7.7,7.71,7.72,65.1,65.2,65.31,64.34,64.22,64.22,-,-,-,0.18,0.4,0.23,1.16,1.61,1.32
261,Ogan Komering Ulu,12.59,12.6,12.83,10261,10020,10040,8.69,8.7,8.71,68.01,68.2,68.24,69.45,69.32,69.6,-,-,-,0.4,0.4,0.36,1.79,1.91,1.83
262,Klaten,13.24,13.25,13.39,12074,11921,12017,8.31,8.58,8.81,76.68,76.78,76.86,75.29,75.56,76.12,-,-,-,0.27,0.31,0.38,1.46,1.66,1.79
263,Kota Tarakan,13.73,14.02,14.03,11509,10894,11261,9.96,9.97,9.98,73.92,73.97,74.04,76.09,75.83,76.23,20,20,22,0.16,0.15,0.23,0.7,0.77,1.01
264,Kota Langsa,15.34,15.35,15.63,12099,12057,12067,11.1,11.11,11.12,69.37,69.42,69.43,77.16,77.17,77.44,-,-,-,0.44,0.36,0.33,1.78,1.6,1.53
265,Muara Enim,11.96,11.97,11.98,11285,10951,10995,7.78,7.79,7.8,68.63,68.9,69.02,68.88,68.74,68.86,-,-,-,0.47,0.43,0.32,2.1,1.94,1.66
266,Tebo,12.39,12.6,12.64,10555,10389,10546,7.57,7.58,7.59,69.91,69.99,70.02,69.02,69.14,69.35,-,-,-,0.26,0.14,0.22,1.07,0.7,0.99
268,Kolaka Utara,12.1,12.11,12.15,10258,10218,10244,7.86,8.12,8.22,70.15,70.36,70.36,68.91,69.31,69.5,-,-,-,1.13,0.64,0.68,3.2,2.28,2.52
269,Ngada,12.69,12.7,12.71,8961,8865,8819,8.37,8.52,8.53,67.96,68.04,68.12,67.76,67.88,67.88,-,-,-,0.65,0.63,0.92,2.37,2.4,2.89
271,Nagekeo,12.47,12.48,12.49,8469,8309,8254,7.83,7.89,7.9,67.03,67.13,67.25,65.88,65.81,65.82,-,-,-,0.42,0.32,0.32,1.93,1.7,1.73
272,Sragen,12.69,12.83,12.84,12720,12589,12679,7.34,7.65,7.66,75.62,75.71,75.79,73.43,73.95,74.08,-,-,-,0.59,0.53,0.6,2.31,2.18,2.39
273,Bengkayang,12.08,12.09,12.1,9182,9102,9193,6.53,6.76,6.8,73.67,73.83,73.84,67.57,67.87,68.04,-,-,-,0.28,0.24,0.14,1.22,1.06,0.8
275,Pesisir Selatan,13.31,13.32,13.33,9444,9212,9270,8.25,8.26,8.27,70.73,70.86,70.96,70.08,69.9,70.03,-,-,-,0.13,0.14,0.15,0.76,0.81,0.87
276,Karangasem,12.4,12.41,12.42,10302,10237,10175,6.31,6.32,6.33,70.35,70.47,70.56,67.34,67.35,67.36,-,-,-,0.14,0.06,0.08,0.75,0.52,0.64
277,Temanggung,12.13,12.14,12.32,9489,9343,9408,7.15,7.24,7.25,75.48,75.58,75.64,69.56,69.57,69.88,-,-,-,0.05,0.11,0.39,0.51,0.86,1.57
278,Jayawijaya,11.93,12.27,12.53,7835,7441,7545,5.3,5.51,5.6,59.39,59.64,59.9,57.79,58.03,58.67,-,-,-,7.61,5.16,5.59,15.11,12.54,12.89
279,Kota Bukittinggi,14.96,14.97,14.98,13586,13282,13331,11.32,11.33,11.34,74.22,74.38,74.5,80.71,80.58,80.7,-,-,-,0.12,0.2,0.19,0.56,0.56,0.8
280,Tulang Bawang Barat,12.04,12.05,12.06,8532,8395,8422,7.13,7.24,7.39,69.88,70.0,70.03,65.93,65.97,66.22,-,-,-,0.13,0.18,0.12,0.77,0.92,0.68
281,Kota Bogor,13.4,13.41,13.42,11825,11564,11716,10.32,10.33,10.53,73.41,73.61,73.82,76.23,76.11,76.59,-,-,-,0.18,0.26,0.27,0.72,1.08,1.1
282,Simeulue,13.51,13.76,13.9,7210,7085,7148,9.08,9.34,9.48,65.22,65.26,65.28,65.7,66.03,66.41,-,-,-,0.71,0.47,0.5,3.05,2.21,2.37
284,Tabanan,12.99,13.0,13.01,14608,14494,14326,8.87,8.88,9.14,73.53,73.65,73.75,76.16,76.17,76.45,-,-,-,0.03,0.1,0.22,0.26,0.58,0.82
286,Kota Semarang,15.51,15.52,15.53,15550,15243,15425,10.52,10.53,10.78,77.25,77.34,77.51,83.19,83.05,83.55,-,-,-,0.12,0.16,0.14,0.57,0.68,0.67
287,Bangka Barat,11.52,11.53,11.7,12275,12233,12269,7.21,7.22,7.44,69.99,70.06,70.08,69.05,69.08,69.6,-,-,-,0.07,0.04,0.04,0.31,0.23,0.25
289,Natuna,13.89,13.9,13.91,14821,14705,14711,8.72,8.73,8.92,64.81,65.06,65.31,72.63,72.72,73.09,-,-,-,0.09,0.05,0.07,0.49,0.4,0.44
290,Nduga,3.29,3.61,3.87,4181,3975,3976,0.97,1.13,1.42,55.12,55.27,55.43,30.75,31.55,32.84,-,-,-,2.02,2.25,5.43,7.07,7.57,11.89
291,Pekalongan,12.4,12.41,12.42,10508,10312,10409,6.88,6.91,7.17,73.57,73.69,73.74,69.71,69.63,70.11,-,-,-,0.2,0.29,0.39,1.17,1.42,1.75
292,Sanggau,11.56,11.57,11.59,8410,8245,8328,6.95,7.15,7.39,71.35,71.42,71.42,65.67,65.77,66.2,-,-,-,0.09,0.21,0.16,0.48,0.82,0.62
295,Tana Tidung,12.2,12.21,12.22,7981,7381,7676,8.53,8.54,8.8,71.38,71.42,71.49,67.79,66.97,67.76,-,-,-,0.04,0.06,0.19,0.32,0.33,0.89
296,Jembrana,12.63,12.65,12.92,11902,11790,11675,8.22,8.23,8.35,72.21,72.35,72.46,72.35,72.36,72.75,-,-,-,0.11,0.06,0.12,0.59,0.39,0.63
297,Kota Salatiga,15.34,15.41,15.42,15944,15699,15843,10.41,10.42,10.66,77.22,77.4,77.55,83.12,83.14,83.6,-,-,-,0.2,0.08,0.19,0.83,0.53,0.8
298,Sumba Timur,12.81,12.82,12.83,9640,9406,9354,6.86,7.12,7.32,64.94,65.13,65.16,65.34,65.52,65.74,-,-,-,3.14,1.95,2.94,8.57,6.2,7.98
299,Bone,12.8,12.88,12.98,8954,8963,9030,6.98,7.15,7.23,66.88,67.07,67.21,65.67,66.06,66.4,-,-,-,0.29,0.36,0.42,1.35,1.59,1.67
301,Sinjai,12.87,13.05,13.06,9465,9439,9505,7.48,7.75,7.78,67.17,67.3,67.38,67.05,67.6,67.75,-,-,-,0.22,0.36,0.3,1.08,1.34,1.45
303,Pemalang,11.94,11.95,11.96,8546,8461,8573,6.41,6.42,6.45,73.22,73.4,73.53,66.32,66.32,66.56,-,-,-,0.57,0.68,0.77,2.55,2.86,2.92
305,Tulangbawang,11.88,11.89,11.95,10797,10683,10735,7.23,7.49,7.55,69.88,69.97,70.01,68.23,68.52,68.73,-,-,-,0.35,0.26,0.2,1.43,1.24,1.15
307,Sumbawa,12.97,13.06,13.07,9336,9146,9167,7.91,7.92,8.15,67.31,67.54,67.73,67.6,67.61,68.01,-,-,-,0.59,0.5,0.41,2.56,2.22,1.78
309,Kendal,12.8,12.95,12.96,11597,11425,11608,7.25,7.45,7.46,74.33,74.43,74.48,71.97,72.29,72.5,-,-,-,0.32,0.25,0.33,1.47,1.37,1.52
310,Banjarnegara,11.45,11.46,11.63,9547,9263,9407,6.5,6.74,6.75,74.01,74.18,74.28,67.34,67.45,67.86,-,-,-,0.55,0.51,0.79,2.38,2.47,2.97
312,Hulu Sungai Tengah,12.19,12.2,12.21,12257,12153,12280,7.99,8.0,8.01,65.82,66.01,66.2,68.8,68.84,69.05,-,-,-,0.19,0.06,0.09,0.85,0.43,0.53
314,Langkat,12.81,13.05,13.24,11208,11071,11142,8.64,8.65,8.66,68.59,68.8,68.97,70.76,71.0,71.35,-,-,-,0.14,0.33,0.23,0.9,1.52,1.17
315,Kayong Utara,11.81,11.82,11.84,7905,7842,7920,6.0,6.01,6.02,68.11,68.28,68.48,62.66,62.68,62.9,-,-,-,0.42,0.22,0.46,1.69,1.13,1.78
317,Fakfak,14.09,14.37,14.63,7608,7599,7446,8.64,8.84,8.97,68.41,68.47,68.5,67.87,68.36,68.52,-,-,-,1.4,1.95,2.12,4.87,5.87,6.11
318,Deli Serdang,13.34,13.35,13.36,12317,12225,12291,10.08,10.09,10.1,71.61,71.73,71.77,75.43,75.44,75.53,-,-,-,0.11,0.16,0.13,0.47,0.55,0.56
319,Bangli,12.33,12.34,12.35,11369,11268,11201,7.16,7.17,7.18,70.37,70.52,70.62,69.35,69.36,69.37,-,-,-,0.02,0.04,0.11,0.24,0.3,0.56
320,Aceh Selatan,14.41,14.42,14.6,8187,8089,8180,8.59,8.87,8.88,64.27,64.35,64.4,66.9,67.12,67.44,-,-,-,0.31,0.46,0.4,1.58,2.13,1.69
321,Barito Timur,12.82,12.83,12.84,11333,11319,11322,9.2,9.21,9.23,68.14,68.22,68.31,71.34,71.39,71.47,-,-,-,0.12,0.08,0.16,0.72,0.55,0.82
323,Intan Jaya,7.36,7.65,7.66,5593,5283,5328,2.64,2.84,3.09,65.51,65.6,65.69,47.51,47.79,48.34,-,-,-,2.27,2.17,1.05,8.73,8.0,5.92
324,Kota Mataram,15.58,15.59,15.64,15426,14968,14999,9.45,9.46,9.54,71.59,71.76,71.88,79.1,78.91,79.14,-,-,-,0.45,0.56,0.19,1.55,1.86,0.93
326,Kapuas Hulu,12.04,12.05,12.08,7206,7162,7168,7.47,7.52,7.53,72.44,72.52,72.53,65.65,65.69,65.75,-,-,-,0.17,0.35,0.15,0.94,1.52,0.94
327,Seram Bagian Barat,13.42,13.44,13.48,8704,8690,8720,8.86,8.87,8.92,61.48,61.69,61.85,65.49,65.62,65.83,-,-,-,1.3,1.23,1.26,4.86,4.46,4.34
328,Rokan Hulu,12.83,12.84,12.85,9979,9374,9406,8.38,8.39,8.54,69.89,70.06,70.18,69.93,69.38,69.67,-,-,-,0.55,0.57,0.36,1.87,2.04,1.51
329,Cilacap,12.49,12.5,12.63,10639,10440,10534,6.93,6.97,7.09,73.52,73.73,73.9,69.98,69.95,70.42,-,-,-,0.21,0.13,0.3,1.28,0.95,1.48
330,Cianjur,11.98,11.99,12.0,8290,7980,8052,6.97,7.18,7.19,69.91,70.13,70.32,65.38,65.36,65.56,-,-,-,0.11,0.27,0.46,0.74,1.38,1.83
331,Tapanuli Utara,13.68,13.69,13.7,11791,11648,11710,9.71,9.85,9.99,68.46,68.63,68.76,73.33,73.47,73.76,-,-,-,0.47,0.21,0.23,1.6,1.18,1.21
332,Toraja Utara,13.37,13.38,13.39,8083,8097,8134,7.92,7.96,8.25,73.35,73.39,73.41,69.23,69.33,69.75,-,-,-,0.46,0.37,0.39,1.99,1.75,1.83
333,Maros,13.02,13.04,13.16,10981,10963,11032,7.46,7.73,8.01,68.98,69.02,69.04,69.5,69.86,70.41,-,-,-,0.89,0.34,0.41,2.5,1.45,1.61
334,Ketapang,11.79,11.8,11.81,9259,9163,9209,7.26,7.31,7.46,71.01,71.1,71.11,67.16,67.17,67.43,-,-,-,0.37,0.39,0.32,1.51,1.61,1.42
335,Minahasa Tenggara,12.04,12.27,12.43,10665,10408,10479,8.87,8.88,9.11,70.07,70.15,70.21,70.47,70.51,71.06,-,-,-,0.32,0.61,0.67,1.7,2.27,2.39
336,Jombang,13.0,13.27,13.57,11533,11261,11394,8.53,8.54,8.55,72.27,72.4,72.49,72.85,72.97,73.45,-,-,-,0.53,0.4,0.36,1.77,1.73,1.55
337,Purworejo,13.49,13.5,13.51,10342,10163,10275,7.91,8.12,8.21,74.52,74.72,74.87,72.5,72.68,72.98,-,-,-,0.1,0.12,0.28,0.84,0.98,1.36
338,Grobogan,12.29,12.3,12.44,10350,10221,10294,6.86,6.91,7.11,74.61,74.75,74.84,69.86,69.87,70.41,-,-,-,0.13,0.18,0.37,0.9,1.17,1.66
339,Boalemo,12.43,12.44,12.45,8874,8789,8940,6.54,6.82,7.0,68.83,69.07,69.3,65.53,65.91,66.42,-,-,-,0.68,0.67,0.64,2.92,2.79,2.77
340,Murung Raya,11.74,11.75,11.76,10471,10419,10449,7.46,7.54,7.61,69.47,69.51,69.53,67.89,67.98,68.12,-,-,-,0.14,0.24,0.28,0.69,0.87,1.09
341,Humbang Hasundutan,13.27,13.28,13.29,7902,7850,8016,9.53,9.54,9.71,69.06,69.27,69.51,68.83,68.87,69.41,-,-,-,0.21,0.3,0.26,0.96,1.29,1.25
342,Sukoharjo,13.82,13.83,13.84,11557,11325,11428,9.1,9.34,9.35,77.55,77.65,77.73,76.84,76.98,77.13,-,-,-,0.14,0.21,0.21,0.87,0.97,0.91
343,Aceh Singkil,14.3,14.31,14.32,8715,8707,8776,8.52,8.53,8.68,67.36,67.39,67.43,68.91,68.94,69.22,-,-,-,0.98,1.03,0.91,3.83,3.55,3.67
344,Kota Subulussalam,14.21,14.61,14.62,7463,7317,7385,7.58,7.84,8.03,63.94,64.02,64.07,64.46,64.93,65.27,-,-,-,0.79,0.44,0.48,3.15,2.27,2.29
345,Karawang,12.08,12.09,12.1,11856,11315,11522,7.65,7.77,7.78,71.98,72.15,72.33,70.86,70.66,70.94,-,-,-,0.24,0.25,0.29,1.06,1.28,1.27
347,Lombok Tengah,13.5,13.67,13.85,10196,9952,9962,6.27,6.28,6.29,65.99,66.21,66.38,66.36,66.43,66.72,-,-,-,0.25,0.26,0.35,1.56,1.42,1.69
349,Kota Solok,14.31,14.32,14.33,12337,12117,12168,11.02,11.03,11.04,73.45,73.61,73.73,78.38,78.29,78.41,-,-,-,0.04,0.04,0.05,0.29,0.27,0.28
350,Kepulauan Yapen,12.72,12.73,12.74,7785,7484,7491,9.19,9.46,9.47,69.06,69.12,69.17,67.76,67.66,67.72,34,34,34,2.04,2.24,1.48,6.4,6.63,4.85
351,Ogan Komering Ulu Selatan,11.74,11.75,11.76,8830,8580,8585,7.83,7.84,7.85,66.76,67.04,67.07,65.43,65.3,65.34,-,-,-,0.31,0.23,0.24,1.34,1.17,1.28
352,Bolaang Mongondow Utara,11.9,11.91,12.17,9366,9062,9143,8.12,8.4,8.41,67.54,67.66,67.73,66.91,66.99,67.39,-,-,-,0.34,0.14,0.26,1.32,0.83,1.18
354,Musi Rawas,12.07,12.08,12.19,9795,9520,9550,7.51,7.52,7.53,67.86,68.14,68.26,66.92,66.79,67.01,-,-,-,0.55,0.45,0.63,2.21,2.05,2.43
355,Asmat,8.74,9.02,9.3,6066,5733,5736,4.82,4.94,5.08,57.53,58.05,58.59,50.37,50.55,51.29,-,-,-,1.44,0.75,0.91,4.9,3.54,4.08
356,Ngawi,12.69,12.7,12.83,11468,11418,11459,6.98,7.06,7.26,72.16,72.3,72.41,70.41,70.54,71.04,-,-,-,0.72,0.55,0.47,2.65,2.37,2.23
357,Kota Surakarta,14.55,14.87,14.88,15049,14761,14911,10.54,10.69,10.9,77.12,77.22,77.32,81.86,82.21,82.62,-,-,-,0.48,0.38,0.54,1.6,1.51,1.83
359,Kota Sawah Lunto,13.16,13.17,13.18,10238,10182,10195,9.97,10.17,10.32,69.87,70.0,70.1,72.39,72.64,72.88,-,-,-,0.05,0.0,0.06,0.23,0.07,0.33
360,Pelalawan,12.17,12.24,12.41,12149,11606,11672,8.49,8.5,8.7,71.03,71.16,71.24,71.85,71.56,72.08,-,-,-,0.35,0.31,0.32,1.44,1.31,1.45
361,Kampar,13.45,13.46,13.55,11232,10796,10858,9.25,9.26,9.27,70.64,70.76,70.83,73.15,72.83,73.02,-,-,-,0.18,0.13,0.21,0.93,0.77,0.99
362,Maluku Tenggara Barat,12.28,12.29,12.3,6396,6297,6335,9.55,9.68,9.69,63.34,63.42,63.45,62.86,62.86,62.97,-,-,-,0.91,1.64,1.58,3.92,5.9,5.1
363,Indragiri Hilir,11.9,11.91,11.93,10382,9954,9945,7.22,7.23,7.24,67.66,67.85,67.98,66.84,66.54,66.63,-,-,-,0.37,0.27,0.21,1.24,0.96,0.9
364,Muaro Jambi,12.82,12.83,12.84,8697,8556,8825,8.33,8.57,8.58,71.18,71.27,71.32,69.01,69.18,69.55,-,-,-,0.07,0.05,0.09,0.39,0.31,0.47
366,Nabire,11.59,11.92,12.18,9195,8840,8856,9.7,10.0,10.01,67.97,68.06,68.15,68.53,68.83,69.15,-,-,-,4.74,4.73,4.14,9.93,9.26,8.41
367,Kota Jakarta Utara,12.62,12.63,12.64,18566,18437,18762,10.7,10.8,10.81,73.18,73.28,73.35,80.17,80.29,80.51,-,-,-,0.14,0.21,0.12,0.63,0.99,0.72
368,Bangka,12.76,12.77,12.78,12480,12416,12424,8.23,8.24,8.25,70.99,71.06,71.14,72.39,72.4,72.46,-,-,-,0.14,0.09,0.06,0.65,0.47,0.39
370,Kota Depok,13.91,13.92,13.93,15696,15281,15420,11.0,11.28,11.46,74.31,74.44,74.62,80.82,80.97,81.37,-,-,-,0.04,0.06,0.07,0.24,0.29,0.34
371,Jember,13.22,13.42,13.43,9525,9294,9410,6.18,6.48,6.49,68.99,69.15,69.28,66.69,67.11,67.32,-,-,-,0.24,0.31,0.4,1.22,1.42,1.58
372,Bireuen,14.82,14.83,14.84,8889,8857,8867,9.27,9.28,9.29,71.16,71.22,71.26,72.27,72.28,72.33,-,-,-,0.4,0.45,0.4,1.77,1.95,2.07
373,Lanny Jaya,8.35,8.62,8.89,4569,4350,4393,3.19,3.2,3.43,66.0,66.06,66.11,48.0,47.86,48.68,-,-,-,8.68,6.51,8.12,16.35,13.87,14.87
374,Alor,12.11,12.23,12.24,6958,6786,6751,8.09,8.41,8.42,61.29,61.48,61.64,61.03,61.33,61.37,-,-,-,1.07,0.58,0.65,4.13,2.92,3.31
375,Kota Lubuklinggau,13.36,13.37,13.38,13586,13243,13267,9.81,9.89,9.9,69.04,69.25,69.39,74.81,74.78,74.89,-,-,-,0.59,0.54,0.46,2.21,2.2,1.97
376,Kota Pangkal Pinang,12.99,13.15,13.16,15883,15663,15716,9.8,9.92,10.13,73.17,73.3,73.41,77.97,78.22,78.57,-,-,-,0.1,0.12,0.13,0.59,0.6,0.57
377,Kota Madiun,14.39,14.4,14.41,16040,16018,16095,11.13,11.14,11.37,72.75,72.81,72.83,80.88,80.91,81.25,-,-,-,0.08,0.18,0.15,0.5,0.77,0.67
378,Solok,13.03,13.04,13.05,10309,10171,10215,7.85,7.86,7.87,68.34,68.58,68.79,69.08,69.08,69.24,-,-,-,0.12,0.35,0.15,0.71,1.16,0.91
379,Kota Tangerang Selatan,14.43,14.47,14.66,15988,15667,15751,11.8,11.81,11.82,72.41,72.47,72.47,81.48,81.36,81.6,-,-,-,0.07,0.08,0.07,0.27,0.31,0.34
380,Kota Metro,14.34,14.47,14.75,12017,11906,11916,10.64,10.96,10.97,71.55,71.63,71.66,76.77,77.19,77.49,-,-,-,0.22,0.16,0.28,1.14,0.94,1.27
381,Bantul,15.15,15.17,15.38,15636,15517,15545,9.54,9.55,9.57,73.77,73.86,73.89,80.01,80.01,80.28,-,-,-,0.43,0.43,0.54,1.87,1.85,2.24
382,Kota Jakarta Selatan,13.32,13.33,13.34,23851,23575,23888,11.62,11.63,11.64,74.03,74.12,74.2,84.75,84.72,84.9,-,-,-,0.09,0.1,0.18,0.39,0.47,0.62
384,Kota Payakumbuh,14.25,14.26,14.27,13464,13281,13317,10.72,10.73,10.81,73.61,73.74,73.84,78.95,78.9,79.08,-,-,-,0.06,0.14,0.17,0.46,0.71,0.82
385,Kutai Barat,12.89,12.9,13.02,10338,9712,10062,8.34,8.47,8.7,72.79,72.86,73.1,71.63,71.19,72.07,-,-,-,0.41,0.28,0.21,1.48,1.23,1.07
386,Barito Utara,12.48,12.49,12.5,10010,9936,9951,8.6,8.71,8.85,71.29,71.3,71.3,70.52,70.59,70.79,-,-,-,0.17,0.13,0.12,0.76,0.67,0.59
387,Merangin,11.98,11.99,12.04,10312,10279,10380,7.68,7.76,7.9,71.18,71.26,71.29,69.07,69.19,69.53,-,-,-,0.38,0.21,0.25,1.39,0.94,1.25
388,Mesuji,11.62,11.63,11.64,8144,7894,7980,6.61,6.88,7.08,68.04,68.19,68.26,63.52,63.63,64.04,-,-,-,0.2,0.19,0.15,0.93,0.88,0.83
389,Siak,12.75,12.76,12.81,12347,11799,11807,9.65,9.66,9.86,71.03,71.11,71.13,74.07,73.68,73.98,-,-,-,0.13,0.45,0.12,0.64,1.27,0.61
390,Mappi,10.54,10.55,10.79,6513,6353,6327,6.3,6.31,6.51,64.91,65.11,65.31,58.3,58.15,58.7,-,-,-,1.24,1.46,1.17,4.66,4.99,4.46
391,Malaka,12.77,12.78,12.79,5998,5901,5861,6.86,6.87,7.1,64.89,64.97,65.01,60.34,60.21,60.42,-,-,-,0.7,0.52,0.44,2.81,2.48,2.04
392,Nagan Raya,14.12,14.13,14.14,8348,8216,8292,8.5,8.68,8.69,69.14,69.22,69.24,69.11,69.18,69.31,-,-,-,0.83,0.94,1.01,3.17,3.33,3.5
393,Way Kanan,12.35,12.36,12.37,9292,9102,9173,7.39,7.7,7.71,69.27,69.4,69.46,67.19,67.44,67.57,-,-,-,0.46,0.39,0.55,2.04,1.9,2.12
394,Kota Lhokseumawe,15.19,15.2,15.21,11421,11367,11390,10.9,10.91,11.11,71.52,71.6,71.64,77.3,77.31,77.57,-,-,-,0.3,0.29,0.54,1.51,1.56,1.87
395,Sarmi,11.81,12.05,12.29,6860,6600,6617,8.53,8.82,8.83,66.26,66.36,66.46,63.45,63.63,63.94,-,-,-,0.95,0.29,0.59,3.01,1.56,2.33
397,Boyolali,12.43,12.56,12.57,13079,12910,13031,7.56,7.84,7.85,75.83,75.95,76.03,73.8,74.25,74.4,-,-,-,0.14,0.23,0.38,1.02,1.3,1.76
398,Kubu Raya,13.64,13.82,13.87,8773,8709,8630,6.82,6.83,7.0,70.43,70.59,70.69,67.76,67.95,68.16,-,-,-,0.17,0.14,0.1,0.75,0.62,0.47
399,Paser,13.0,13.1,13.25,10767,10344,10673,8.54,8.55,8.79,72.52,72.62,72.88,72.29,72.04,72.93,-,-,-,0.4,0.21,0.32,1.57,1.04,1.37
400,Kota Tasikmalaya,13.44,13.45,13.46,10414,10263,10213,9.13,9.33,9.52,71.93,72.15,72.34,72.84,73.04,73.31,-,-,-,0.53,0.39,0.69,1.98,1.75,2.42
401,Pegunungan Arfak,11.62,11.72,11.72,5102,5099,5009,5.08,5.12,5.12,67.18,67.24,67.26,56.15,56.33,56.13,-,-,-,2.52,1.25,1.15,7.7,5.53,5.28
402,Belitung,11.84,11.85,11.86,13662,13554,13563,8.41,8.46,8.47,70.94,71.05,71.1,72.46,72.51,72.57,-,-,-,0.11,0.16,0.06,0.69,0.74,0.51
403,Pidie Jaya,14.54,14.82,14.97,10364,10071,10290,9.04,9.33,9.34,70.06,70.14,70.18,72.87,73.2,73.6,-,-,-,0.67,0.81,0.98,2.85,3.08,3.61
405,Kota Palopo,15.07,15.08,15.09,12986,12995,13117,10.75,10.76,10.94,70.79,70.88,70.92,77.98,78.06,78.38,-,-,-,0.29,0.21,0.3,1.15,0.95,1.17
406,Klungkung,12.98,12.99,13.0,11484,11376,11287,8.12,8.13,8.14,71.06,71.25,71.41,71.71,71.73,71.75,-,-,-,0.13,0.17,0.25,0.62,0.67,0.82
407,Bone Bolango,13.45,13.57,13.65,10147,10052,10198,8.07,8.31,8.32,68.38,68.46,68.52,69.63,69.98,70.25,-,-,-,1.39,0.77,0.86,4.15,2.99,3.23
408,Aceh Timur,13.02,13.03,13.04,8600,8489,8577,7.86,8.15,8.21,68.67,68.72,68.74,67.39,67.63,67.83,-,-,-,0.4,0.61,0.54,1.89,2.29,2.31
410,Supiori,12.73,12.74,13.0,5820,5677,5708,8.6,8.81,8.87,65.81,65.94,66.06,62.3,62.3,62.72,-,-,-,2.02,3.8,2.41,7.35,10.52,8.45
411,Majalengka,12.21,12.22,12.23,9822,9521,9591,7.09,7.27,7.31,69.97,70.27,70.46,67.52,67.59,67.81,-,-,-,0.28,0.25,0.77,1.39,1.41,2.44
412,Waropen,12.78,12.79,12.8,7018,6732,6788,9.18,9.2,9.21,66.24,66.33,66.42,65.34,64.94,65.1,-,-,-,1.69,4.12,1.2,6.25,9.9,4.72
413,Kota Pariaman,14.53,14.54,14.55,12958,12796,12818,10.37,10.59,10.67,70.15,70.28,70.38,76.7,76.9,77.07,-,-,-,0.07,0.1,0.08,0.49,0.49,0.36
414,Kota Pasuruan,13.6,13.62,13.63,13393,13281,13354,9.11,9.12,9.33,71.4,71.52,71.6,75.25,75.26,75.62,-,-,-,0.17,0.14,0.27,0.91,0.78,1.15
415,Tambrauw,11.62,11.91,12.18,5001,4998,4903,5.07,5.24,5.39,59.96,60.13,60.2,52.9,53.45,53.71,-,-,-,1.23,3.23,1.91,5.28,8.99,6.79
416,Konawe,12.99,13.0,13.01,10200,10126,10151,9.14,9.15,9.21,70.02,70.27,70.32,71.29,71.35,71.48,-,-,-,0.58,0.35,0.83,2.23,1.71,2.67
417,Lahat,12.33,12.34,12.35,10071,9730,9735,8.45,8.46,8.52,65.76,66.04,66.16,67.62,67.44,67.58,-,-,-,0.69,0.67,0.81,2.66,2.64,3.14
420,Poso,13.69,13.7,13.71,9084,8808,8850,9.36,9.41,9.5,70.85,71.18,71.19,71.4,71.28,71.45,-,-,-,0.8,0.68,0.62,2.87,2.53,2.57
421,Pinrang,13.22,13.23,13.24,11828,11844,11956,7.85,7.86,7.87,69.39,69.61,69.77,71.12,71.26,71.45,-,-,-,0.4,0.34,0.5,1.54,1.27,1.77
422,Puncak Jaya,6.96,7.24,7.49,5523,5282,5289,3.61,3.62,3.74,64.98,65.15,65.33,48.33,48.37,48.99,-,-,-,3.35,6.99,5.58,9.49,13.41,12.4
423,Mamuju Utara,11.66,11.93,11.95,11094,11111,11072,7.92,7.98,8.09,65.91,66.2,66.45,67.27,67.79,68.03,31,31,31,0.09,0.04,0.11,0.46,0.36,0.55
425,Mamberamo Raya,11.78,11.79,11.8,4807,4581,4603,5.65,5.66,5.87,57.55,57.77,58.0,52.2,51.78,52.18,-,-,-,2.39,1.01,0.92,6.87,4.12,3.53
426,Banggai Laut,12.89,12.95,12.96,7888,7663,7707,8.51,8.62,8.63,64.79,65.38,65.67,65.27,65.43,65.65,-,-,-,0.56,0.36,0.83,2.49,1.59,2.93
428,Seluma,13.27,13.28,13.29,8209,8220,8256,7.91,7.99,8.0,67.56,67.75,67.9,66.69,66.89,67.03,-,-,-,0.61,0.7,0.61,2.71,2.87,2.7
430,Pacitan,12.62,12.64,12.65,9033,8796,8887,7.28,7.6,7.61,71.77,71.94,72.07,68.16,68.39,68.57,-,-,-,0.34,0.71,0.28,1.75,2.68,1.66
431,Bombana,11.83,11.84,11.85,8344,8234,8310,7.74,8.03,8.04,68.54,68.91,69.09,65.65,66.05,66.25,-,-,-,0.2,0.32,0.56,1.01,1.35,1.94
432,Kepulauan Aru,12.29,12.3,12.31,7678,7586,7623,8.71,8.82,8.83,62.73,62.87,62.96,63.64,63.71,63.83,26,26,26,0.98,1.14,1.1,4.14,4.47,4.73
434,Enrekang,13.69,13.7,13.71,10800,10844,10973,8.89,8.9,8.91,70.83,70.91,70.93,72.66,72.76,72.91,-,-,-,0.38,0.34,0.24,1.7,1.61,1.35
435,Tolikara,8.28,8.6,8.61,5142,4826,4841,3.63,3.64,3.65,65.58,65.71,65.83,49.68,49.5,49.6,-,-,-,1.54,1.8,0.48,5.95,6.7,3.34
436,Rejang Lebong,13.68,13.83,13.93,10162,10234,10323,8.26,8.28,8.33,68.37,68.57,68.75,70.1,70.44,70.77,-,-,-,0.28,0.35,0.4,1.47,1.79,2.04
437,Mamuju Tengah,11.92,12.23,12.53,8501,8414,8408,7.24,7.46,7.51,68.06,68.33,68.55,65.1,65.71,66.18,-,-,-,0.34,0.18,0.27,1.37,0.88,1.15
438,Keerom,12.41,12.42,12.43,9136,8910,8926,8.0,8.01,8.02,66.6,66.69,66.78,66.59,66.4,66.49,-,-,-,0.8,0.7,0.95,2.99,2.79,3.16
439,Aceh Jaya,13.97,13.98,13.99,9682,9615,9666,8.66,8.7,8.71,67.11,67.16,67.19,69.74,69.75,69.84,-,-,-,0.65,0.54,0.5,2.49,2.19,2.06
440,Buton Selatan,12.94,13.23,13.24,7293,7263,7279,7.32,7.53,7.54,67.5,67.66,67.69,64.37,64.93,64.99,-,-,-,0.61,0.42,0.38,2.38,1.82,1.87
441,Bintan,12.95,13.1,13.26,14730,14482,14393,8.36,8.44,8.67,70.3,70.38,70.46,73.98,74.13,74.57,-,-,-,0.09,0.17,0.11,0.63,0.81,0.65
442,Dompu,13.31,13.32,13.53,9027,8889,8899,8.4,8.44,8.72,66.6,66.82,66.99,67.83,67.84,68.45,-,-,-,0.35,0.34,0.25,1.62,1.65,1.33
443,Siau Tagulandang Biaro,11.64,11.67,11.86,8252,8080,8145,8.75,8.97,9.03,70.54,70.73,70.87,67.48,67.64,68.05,-,-,-,0.3,0.14,0.18,1.52,0.83,0.97
444,Kota Cilegon,13.15,13.16,13.18,13230,13010,13041,9.74,9.87,10.08,66.6,66.67,66.69,73.01,73.05,73.35,-,-,-,0.07,0.06,0.11,0.34,0.39,0.5
445,Lebong,12.56,12.57,12.58,11177,11124,11317,7.9,7.99,8.18,63.12,63.29,63.4,66.84,67.01,67.46,-,-,-,0.21,0.35,0.29,1.27,1.45,1.42
446,Kota Banjar Baru,14.8,14.81,14.82,13949,13675,13789,10.94,10.95,10.96,71.87,71.99,72.1,79.22,79.1,79.26,-,-,-,0.26,0.1,0.1,0.86,0.48,0.46
448,Simalungun,12.77,12.78,12.79,11422,11308,11376,9.36,9.6,9.61,71.07,71.22,71.37,72.98,73.25,73.4,-,-,-,0.18,0.35,0.23,0.99,1.47,1.12
449,Parigi Moutong,12.46,12.47,12.48,9878,9641,9675,7.47,7.48,7.74,63.94,64.3,64.35,65.47,65.44,65.82,-,-,-,0.91,1.22,0.95,3.06,3.49,3.26
450,Kepulauan Anambas,12.75,12.81,12.88,12065,11875,11950,6.91,7.17,7.34,67.06,67.21,67.36,68.48,68.8,69.23,-,-,-,0.26,0.2,0.19,1.14,0.96,0.87
451,Kota Dumai,13.1,13.12,13.31,12453,11751,11818,9.85,10.07,10.14,70.82,70.93,70.98,74.64,74.4,74.75,-,-,-,0.05,0.05,0.07,0.28,0.31,0.4
452,Malinau,13.29,13.3,13.31,10121,9611,9928,9.05,9.39,9.4,71.42,71.45,71.49,72.06,71.94,72.32,-,-,-,0.14,0.28,0.23,0.85,1.16,0.85
453,Tanggamus,12.17,12.18,12.19,9294,9250,9266,7.21,7.22,7.34,68.4,68.56,68.67,66.37,66.42,66.65,-,-,-,0.21,0.24,0.23,1.24,1.36,1.26
455,Kaimana,11.98,12.13,12.41,8304,8325,8151,8.28,8.41,8.58,64.64,64.81,64.93,64.59,65.0,65.31,-,-,-,1.42,0.59,0.73,4.02,2.36,2.83
456,Mukomuko,12.72,12.73,12.74,10381,10266,10405,7.99,8.29,8.3,66.51,66.64,66.73,68.12,68.45,68.64,-,-,-,0.58,0.38,0.48,2.19,1.52,1.88
458,Kota Sibolga,13.15,13.16,13.28,11656,11473,11540,10.18,10.4,10.41,68.77,69.01,69.25,73.41,73.63,73.94,-,-,-,0.21,0.26,0.51,1.26,1.49,2.04
459,Lombok Timur,13.51,13.69,13.9,9639,9409,9450,6.69,6.7,6.71,65.74,65.97,66.16,66.23,66.3,66.66,-,-,-,0.25,0.42,0.88,1.48,1.84,2.88
462,Kota Batam,13.15,13.16,13.17,18146,18095,18034,11.13,11.14,11.15,73.29,73.33,73.36,81.09,81.11,81.12,-,-,-,0.09,0.2,0.25,0.53,0.7,0.89
463,Mojokerto,12.61,12.88,12.95,12860,12779,12844,8.49,8.51,8.64,72.43,72.53,72.59,73.53,73.83,74.15,-,-,-,0.27,0.51,0.37,1.29,1.95,1.59
464,Banjar,12.28,12.44,12.73,12681,12603,12707,7.34,7.35,7.52,66.97,67.21,67.41,68.94,69.18,69.89,-,-,-,0.03,0.04,0.05,0.26,0.26,0.36
465,Bantaeng,12.03,12.04,12.05,11592,11632,11829,6.48,6.72,6.77,70.42,70.54,70.6,68.3,68.73,68.99,-,-,-,0.28,0.18,0.27,1.35,0.97,1.23
466,Gresik,13.72,13.73,13.77,13295,13246,13280,9.29,9.3,9.56,72.61,72.66,72.67,76.1,76.11,76.5,-,-,-,0.61,0.8,0.61,2.21,2.51,2.15
467,Buton,13.74,13.75,13.76,7366,7307,7324,7.51,7.71,7.92,67.92,68.25,68.39,65.67,65.98,66.32,-,-,-,0.41,0.41,0.42,1.87,1.94,1.84
468,Lingga,12.44,12.45,12.59,12091,11998,11938,6.51,6.67,6.88,61.75,62.06,62.39,64.98,65.29,65.83,-,-,-,0.46,0.58,0.9,1.97,2.32,2.98
469,Empat Lawang,12.05,12.06,12.07,9594,9350,9400,7.39,7.6,7.64,64.81,65.08,65.13,65.1,65.25,65.39,-,-,-,0.46,0.49,0.42,1.87,1.89,1.84
470,Kota Balikpapan,14.13,14.14,14.22,14791,14549,14862,10.67,10.68,10.91,74.41,74.49,74.76,80.11,80.01,80.71,-,-,-,0.06,0.12,0.15,0.26,0.38,0.5
472,Kota Pematang Siantar,14.21,14.45,14.57,12571,12372,12436,11.15,11.16,11.29,73.33,73.55,73.77,78.57,78.75,79.17,-,-,-,0.1,0.26,0.24,0.7,1.1,1.12
473,Kota Pagar Alam,12.84,12.85,13.05,9291,8795,8877,9.14,9.39,9.4,66.41,66.71,66.85,68.44,68.31,68.68,-,-,-,0.16,0.16,0.2,0.9,0.99,1.03
476,Kota Bengkulu,16.01,16.02,16.03,14030,13938,14108,11.78,11.79,11.8,70.04,70.13,70.2,80.35,80.36,80.54,-,-,-,1.22,1.02,0.87,3.89,3.51,3.31
477,Tanjung Jabung Timur,12.01,12.16,12.17,9192,9026,9163,6.35,6.7,6.92,66.08,66.23,66.34,63.92,64.43,64.91,-,-,-,0.47,0.31,0.61,1.75,1.45,2.07
478,Gunung Kidul,12.96,12.97,12.98,9612,9486,9505,7.13,7.21,7.3,74.03,74.12,74.19,69.96,69.98,70.16,-,-,-,0.53,0.63,0.76,2.58,2.68,2.98
479,Muna Barat,12.2,12.5,12.51,7526,7485,7502,6.77,7.01,7.3,70.16,70.34,70.35,64.45,65.08,65.48,-,-,-,0.48,0.39,0.47,2.2,1.98,2.03
481,Manggarai,13.14,13.41,13.69,7276,7203,7133,7.27,7.37,7.61,66.77,67.03,67.11,64.15,64.54,65.01,-,-,-,0.92,1.46,1.6,3.48,4.53,4.83
482,Lamongan,13.47,13.48,13.77,11572,11456,11510,7.89,7.92,8.04,72.27,72.4,72.49,72.57,72.58,73.12,-,-,-,0.67,0.78,0.73,2.53,2.71,2.7
483,Kota Jakarta Pusat,13.24,13.25,13.26,17285,17179,17365,11.25,11.38,11.39,74.02,74.11,74.19,81.24,81.39,81.56,-,-,-,0.05,0.15,0.11,0.33,0.6,0.53
484,Tasikmalaya,12.52,12.53,12.54,8092,7852,7829,7.17,7.35,7.48,69.21,69.47,69.67,65.64,65.67,65.9,-,-,-,0.12,0.11,0.35,0.84,0.83,1.57
485,Polewali Mandar,13.05,13.06,13.38,8598,8580,8548,7.4,7.41,7.44,62.18,62.38,62.53,63.74,63.84,64.23,-,-,-,0.84,0.79,0.59,3.0,2.74,2.52
486,Aceh Tengah,14.26,14.27,14.28,10782,10673,10780,9.69,9.85,9.86,68.82,68.85,68.86,73.14,73.24,73.37,-,-,-,0.46,0.95,0.8,2.08,2.89,2.88
487,Rote Ndao,13.17,13.18,13.19,6720,6539,6503,7.29,7.59,7.71,64.34,64.6,64.88,62.22,62.39,62.6,-,-,-,1.33,1.35,1.67,5.08,5.36,5.82
488,Garut,11.82,11.91,12.03,8099,7876,7961,7.51,7.52,7.53,71.22,71.41,71.59,66.22,66.12,66.45,-,-,-,0.16,0.15,0.29,0.87,0.97,1.4
490,Kota Makasar,15.56,15.57,15.58,16989,16873,17097,11.2,11.21,11.43,72.0,72.09,72.13,82.25,82.25,82.66,-,-,-,0.15,0.12,0.16,0.6,0.58,0.76
491,Sidenreng Rappang,12.93,12.94,12.95,12039,12073,12201,7.83,7.84,7.94,69.59,69.83,70.01,71.05,71.21,71.54,-,-,-,0.13,0.19,0.13,0.6,0.82,0.64
493,Kota Banda Aceh,17.39,17.79,17.8,16892,16778,16891,12.64,12.65,12.83,71.36,71.45,71.52,85.07,85.41,85.71,-,-,-,0.37,0.23,0.36,1.34,1.0,1.12
494,Balangan,12.37,12.46,12.47,11557,11452,11500,7.27,7.55,7.69,67.59,67.72,67.85,68.39,68.82,69.11,-,-,-,0.2,0.24,0.19,0.87,0.88,0.79
495,Rokan Hilir,12.67,12.68,12.76,9672,9362,9417,8.24,8.25,8.26,70.17,70.3,70.39,69.4,69.15,69.34,-,-,-,0.19,0.3,0.18,0.86,1.1,0.79
496,Tanah Datar,14.32,14.33,14.34,10709,10588,10616,8.45,8.61,8.62,69.73,69.94,70.12,72.14,72.33,72.46,-,-,-,0.06,0.06,0.13,0.42,0.42,0.64
498,Sarolangun,12.26,12.27,12.28,11679,11616,11792,7.76,7.87,8.04,69.09,69.17,69.21,69.72,69.86,70.25,-,-,-,0.27,0.21,0.21,1.17,1.08,1.13
499,Pesisir Barat,11.98,11.99,12.0,8652,8457,8533,7.82,8.01,8.19,63.27,63.5,63.66,63.79,63.91,64.3,-,-,-,0.31,0.35,0.59,1.6,1.8,2.39
500,Luwu Utara,12.42,12.43,12.57,11583,11562,11736,7.78,7.79,7.86,68.31,68.51,68.67,69.46,69.57,70.02,-,-,-,0.61,0.61,0.49,2.55,2.29,2.07
502,Padang Lawas Utara,12.47,12.87,13.04,10194,9987,10055,9.1,9.37,9.38,67.06,67.17,67.22,69.29,69.85,70.11,-,-,-,0.26,0.22,0.24,1.18,1.2,1.29
504,Kota Palembang,14.4,14.41,14.42,15087,14679,14704,10.52,10.53,10.75,70.54,70.79,71.01,78.44,78.33,78.72,-,-,-,0.5,0.4,0.49,1.86,1.67,1.86
505,Banggai,13.23,13.24,13.25,9842,9554,9603,8.24,8.52,8.53,70.61,70.88,70.88,70.36,70.52,70.6,-,-,-,0.26,0.21,0.23,1.15,1.05,1.09
507,Tanah Laut,11.96,12.01,12.31,11318,11207,11310,7.64,7.88,7.89,69.31,69.45,69.59,69.04,69.38,69.87,-,-,-,0.11,0.12,0.14,0.58,0.58,0.68
508,Mahakam Ulu,12.5,12.51,12.61,8008,7524,7802,7.89,7.97,8.18,71.9,72.1,72.33,67.58,67.09,67.95,-,-,-,0.55,0.29,0.37,1.94,1.46,1.77
510,Nias Selatan,12.22,12.23,12.27,7105,6974,7041,5.53,5.85,6.06,68.58,68.74,68.86,61.59,61.89,62.35,-,-,-,0.5,0.76,0.52,2.28,2.82,2.38
511,Katingan,12.51,12.67,12.81,10639,10548,10568,8.66,8.67,8.68,65.7,65.78,65.87,68.55,68.68,68.89,-,-,-,0.3,0.09,0.07,0.94,0.51,0.47
